{"intents": [
  {"tag": "greeting",
    "patterns": ["Hi", "How are you", "Is anyone there?", "Hello", "Good day", "Whats up", "Hey", "greetings"],
    "responses": ["Hello!", "Good to see you again!", "Hi there, how can I help?"],
    "context_set": ""
  },
  {"tag": "goodbye",
    "patterns": ["cya", "See you later", "Goodbye", "I am Leaving", "Have a Good day", "bye", "cao", "see ya"],
    "responses": ["Sad to see you go :(", "Talk to you later", "Goodbye!"],
    "context_set": ""
  },
  {"tag": "rating",
    "patterns": ["I like", "I don't like", "I hate", "open rates", "rate", "rate site"],
    "responses": ["How do you feel about the website's interface"],
    "context_set": ""
  }
]
}